,Date,Instagram_Minutes,YouTube_Minutes,WhatsApp_Minutes,LinkedIn_Minutes,Reels_Watched,Videos_Watched,Messages_Sent,Posts_Liked,Study_Minutes,Total_Screen_Time,Screen_Hours,Digital_Balance,Day_Type
0,2026-08-23,79,76,138,15,55,33,335,13,26,308,5.133333333333334,0.08441558441558442,heavy
1,2026-08-24,104,102,170,67,90,17,531,33,303,443,7.383333333333334,0.6839729119638827,heavy
2,2026-08-25,91,155,80,41,55,69,212,14,172,367,6.116666666666666,0.46866485013623976,heavy
3,2026-08-26,91,129,159,49,119,38,298,39,212,428,7.133333333333334,0.4953271028037383,heavy
4,2026-08-27,55,71,24,43,69,22,74,48,137,193,3.216666666666667,0.7098445595854922,Normal
5,2026-08-28,172,110,34,9,207,16,104,50,250,325,5.416666666666667,0.7692307692307693,heavy
6,2026-08-29,132,134,43,30,174,21,92,90,60,339,5.65,0.17699115044247787,heavy
7,2026-08-30,138,154,140,10,160,37,353,53,68,442,7.366666666666666,0.15384615384615385,heavy
8,2026-08-31,53,188,90,29,54,62,136,36,327,360,6.0,0.9083333333333333,heavy
9,2026-09-01,161,195,16,69,121,84,35,28,255,441,7.35,0.5782312925170068,heavy
10,2026-09-02,159,74,30,70,221,14,59,72,176,333,5.55,0.5285285285285285,heavy
11,2026-09-03,105,99,18,12,120,35,29,40,282,234,3.9,1.205128205128205,Normal
12,2026-09-04,61,160,113,68,80,48,284,49,143,402,6.7,0.35572139303482586,heavy
13,2026-09-05,208,211,17,29,203,49,56,70,58,465,7.75,0.12473118279569892,heavy
14,2026-09-06,150,287,18,14,150,106,58,90,72,469,7.816666666666666,0.1535181236673774,heavy
15,2026-09-07,36,108,94,34,26,34,266,11,301,272,4.533333333333333,1.1066176470588236,Normal
16,2026-09-08,176,136,47,65,245,50,125,103,168,424,7.066666666666666,0.39622641509433965,heavy
17,2026-09-09,151,165,34,1,135,72,91,71,340,351,5.85,0.9686609686609686,heavy
18,2026-09-10,116,42,11,23,96,11,30,65,78,192,3.2,0.40625,Normal
19,2026-09-11,176,164,133,29,231,73,216,129,152,502,8.366666666666667,0.30278884462151395,heavy
20,2026-09-12,64,221,124,9,73,68,340,22,166,418,6.966666666666667,0.39712918660287083,heavy
21,2026-09-13,90,174,90,20,98,59,198,24,19,374,6.233333333333333,0.05080213903743316,heavy
22,2026-09-14,59,171,120,16,78,38,389,54,299,366,6.1,0.8169398907103825,heavy
23,2026-09-15,170,26,38,59,175,9,117,61,308,293,4.883333333333334,1.0511945392491469,Normal
24,2026-09-16,48,145,35,12,56,22,97,34,278,240,4.0,1.1583333333333334,Normal
25,2026-09-17,103,38,77,41,86,6,152,55,282,259,4.316666666666666,1.0888030888030888,Normal
26,2026-09-18,77,128,87,33,63,29,154,18,63,325,5.416666666666667,0.19384615384615383,heavy
27,2026-09-19,119,224,159,27,78,65,460,38,109,529,8.816666666666666,0.2060491493383743,heavy
28,2026-09-20,177,219,166,0,129,66,460,77,157,562,9.366666666666667,0.2793594306049822,heavy
29,2026-09-21,83,113,145,43,83,24,459,57,141,384,6.4,0.3671875,heavy
